course,program
MATH 1104,Software
MATH 1004,Software
PHYS 1003,Software
SYSC 1005,Software
MATH 1005,Software
PHYS 1004,Software
ECOR 1101,Software
ECOR 1101,Software
SYSC 2006,Software
ECOR 1010,Software
CHEM 1101,Software
MATH 2004,Software
MATH 1005,Software
ELEC 2501,Software
SYSC 2004,Software
CCDP 2100,Software
MATH 1805,Software
ELEC 2607,Software
SYSC 2003,Software
SYSC 2100,Software
SYSC 2100,Software
ECOR 3800,Software
COMP 3005,Software
COMP 3005,Software
SYSC 4001,Software
SYSC 4001,Software
SYSC 3110,Software
STAT 3502,Software
SYSC 3303,Software
SYSC 3303,Software
SYSC 3101,Software
SYSC 3120,Software
SYSC 3120,Software
ELEC 4705,Software
SYSC 4101,Software
SYSC 4927,Software
SYSC 4005,Software
SYSC 4507,Software
SYSC 4507,Software
ECOR 4995,Software
SYSC 4806,Software
